{"intercept": [-0.0003136923605964526], "coefficients": [0.027272413723937627, -0.01973572741975764, -1.3181971958146008, 0.02253128828281293]}