{"intercept": [-1.2235964444187646], "coefficients": [-0.05143948259664731, -0.07859522703387732, -0.02290549901284756]}